1785542400000,112500.00,112754.43,112335.46,112688.23,317.40805361,1785545999999,35738278.28369280,1639,169.92119488,19132126.23266757,0
1785546000000,112688.23,113309.61,112465.47,113218.55,172.34791458,1785549599999,19467281.26224554,2591,76.95888979,8692767.51497079,0
1785549600000,113218.55,113636.51,112878.21,113357.16,675.99373019,1785553199999,76581880.96731669,4236,300.20078775,34009103.88242305,0
1785553200000,113357.16,113856.81,113297.90,113478.59,754.36443887,1785556799999,85558409.97183409,4262,353.08035354,40045622.62580857,0
1785556800000,113478.59,113915.51,112819.80,113009.44,219.55938254,1785560399999,24863785.35681834,1592,103.58721124,11730631.39550602,0
1785560400000,113009.44,113170.57,112724.27,112797.82,494.56865975,1785563999999,55838597.45339146,1822,294.08197574,33202922.86543529,0
1785564000000,112797.82,113072.16,112250.13,112633.41,613.88981427,1785567599999,69194969.65991101,3762,316.44204595,35667960.69878964,0
1785567600000,112633.41,112984.47,112487.25,112909.91,367.04097270,1785571199999,41391820.20802100,1453,209.60371874,23637359.54900705,0
1785571200000,112909.91,113614.05,112674.28,113406.47,775.58281998,1785574799999,87763547.12612635,2132,367.65432767,41603097.80100206,0
1785574800000,113406.47,113569.14,112584.15,113011.14,636.02653893,1785578399999,72003803.70927860,2201,322.35604303,36493542.05550050,0
1785578400000,113011.14,113250.49,112502.29,112665.07,844.04338472,1785581999999,95240256.86437224,2599,453.18617981,51136670.16920599,0
1785582000000,112665.07,113492.42,112518.42,113128.60,174.07518293,1785585599999,19652537.25783825,3384,83.59663991,9437796.08783311,0
1785585600000,113128.60,113546.72,112260.01,112539.68,688.43570304,1785589199999,77679051.23182885,2541,365.61975688,41254391.22488405,0
1785589200000,112539.68,112956.18,112162.03,112398.74,348.66012487,1785592799999,39213528.41806380,2820,191.41364025,21528140.69130424,0
1785592800000,112398.74,112801.54,112173.99,112451.31,587.64969371,1785596399999,66066529.48980643,3765,260.83663287,29324564.07644086,0
1785596400000,112451.31,113380.99,112359.30,113122.69,185.33728157,1785599999999,20903635.99167393,1698,79.80035156,9000442.25749822,0
1785600000000,113122.69,113448.68,112369.62,112661.13,438.57548376,1785603599999,49511624.08447347,4634,221.84150948,25044111.74423955,0
1785603600000,112661.13,113695.98,112600.27,113297.99,690.54136452,1785607199999,78017060.15974161,2985,382.36638933,43199586.77678407,0
1785607200000,113297.99,113471.03,112961.56,113080.70,152.43398708,1785610799999,17253903.52728159,2957,90.60335041,10255334.11035625,0
1785610800000,113080.70,113694.46,112982.04,113436.18,618.97514517,1785614399999,70104158.02909146,4958,322.97754308,36579931.99917076,0
1785614400000,113436.18,113795.63,112693.87,112963.61,733.96985897,1785617999999,83085308.45950268,804,381.50939803,43186822.49380642,0
1785618000000,112963.61,113064.32,112748.20,112948.16,888.99103421,1785621599999,100416769.22688767,3319,398.17060509,44975713.16836746,0
1785621600000,112948.16,113228.92,112509.61,112596.95,698.93069613,1785625199999,78820199.61552024,1366,416.28095505,46945066.44871429,0
1785625200000,112596.95,112747.04,112280.65,112641.14,860.13650978,1785628799999,96867748.98356374,2152,389.65158065,43882187.39314455,0
1785628800000,112641.14,113368.69,112501.32,113144.55,554.47206658,1785632399999,62595928.80294988,2447,300.85088470,33963912.14972436,0
1785632400000,113144.55,113467.12,112803.21,113007.41,824.71056348,1785635999999,93254956.31997992,4498,349.84291310,39558830.72803785,0
1785636000000,113007.41,113197.64,112345.84,112634.08,322.58604945,1785639599999,36394397.81475542,2604,129.49835265,14610100.37683124,0
1785639600000,112634.08,112994.72,112551.19,112915.00,173.55971854,1785643199999,19573116.63956852,3506,71.88348376,8106626.49065567,0
1785643200000,112915.00,113235.83,112419.32,112560.00,249.23388654,1785646799999,28098004.31294950,4672,111.80618405,12604749.23815378,0
1785646800000,112560.00,112776.64,112430.08,112523.49,644.23706214,1785650399999,72503562.44315320,3702,312.27183439,35143616.80600321,0
1785650400000,112523.49,112866.89,112157.64,112478.96,888.12390852,1785653999999,99915030.22545286,1606,366.01587641,41177235.52267122,0
1785654000000,112478.96,113159.43,112379.71,112787.00,293.69255411,1785657599999,33079467.64920044,4475,125.71112102,14159218.21202762,0
1785657600000,112787.00,113026.01,111958.54,112358.61,206.53866628,1785661199999,23250637.01000630,1602,84.70515573,9535496.98134764,0
1785661200000,112358.61,113419.06,111921.37,113031.80,844.77523726,1785664799999,95202119.84686176,2736,366.00919649,41247481.99546041,0
1785664800000,113031.80,113172.88,112797.19,113012.32,193.97654998,1785668399999,21923629.38805278,3904,77.67423856,8778902.49845465,0
1785668400000,113012.32,113435.31,112497.14,112863.72,363.93692171,1785671999999,41102315.48853116,4786,156.84202470,17713427.78521999,0
1785672000000,112863.72,113302.81,112303.86,112588.39,556.64640103,1785675599999,62748551.36307572,3369,229.02272910,25816828.15787417,0
1785675600000,112588.39,112956.82,112196.07,112702.12,268.07454595,1785679199999,30197324.52623167,4960,111.52498732,12562760.19332106,0
1785679200000,112702.12,112993.18,111955.74,112277.22,326.40292125,1785682799999,36716955.72574998,1782,192.02911381,21601290.95330162,0
1785682800000,112277.22,112654.97,112205.46,112371.09,211.48755412,1785686399999,23755160.81488253,3391,124.13076970,13942883.81939418,0
1785686400000,112371.09,112708.96,111822.77,111972.30,446.83938509,1785689999999,50122731.88444692,3257,219.59694341,24632561.68616469,0
1785690000000,111972.30,112973.64,111912.66,112548.76,615.86944162,1785693599999,69137829.43731034,1619,255.37158453,28668149.22289230,0
1785693600000,112548.76,112709.50,111738.90,112161.35,810.64813026,1785697199999,91080414.01770875,2801,384.17054082,43163501.65370273,0
1785697200000,112161.35,112544.73,111369.80,111700.70,608.75832429,1785700799999,68138942.14937463,864,324.81678667,36357075.30004340,0
1785700800000,111700.70,112194.29,111604.35,111773.89,808.59522373,1785704399999,90350241.00024289,2966,342.10510381,38225898.03823785,0
1785704400000,111773.89,112046.20,111085.14,111246.81,603.62237027,1785707999999,67310140.83907034,3608,266.02812656,29664889.08907155,0
1785708000000,111246.81,111584.68,111000.97,111426.01,829.00236831,1785711599999,92298148.41187099,1216,346.90407699,38623054.89897603,0
1785711600000,111426.01,111589.63,111266.78,111323.82,728.33941726,1785715199999,81118743.16772495,2945,314.87307139,35068962.63386895,0
1785715200000,111323.82,111654.44,110972.10,111246.12,233.90541044,1785718799999,26030157.51065292,2021,119.08546828,13252423.23712165,0
1785718800000,111246.12,111976.36,111132.84,111692.79,245.58413946,1785722399999,27375130.86903174,3325,116.14418150,12946528.93834757,0
1785722400000,111692.79,112711.43,111621.35,112273.27,418.35692419,1785725999999,46848875.59207430,2844,223.14601174,24988566.31344219,0
1785726000000,112273.27,112549.41,111676.97,112076.13,880.37776698,1785729599999,98756110.16620898,2066,515.15548416,57787410.87639756,0
1785729600000,112076.13,112195.91,111353.43,111722.06,282.78927774,1785733199999,31643864.93411578,4177,114.51757457,12814413.23126919,0
1785733200000,111722.06,112225.50,111302.23,112039.22,751.67635420,1785736799999,84098032.68089394,2832,340.78085029,38126780.12934258,0
1785736800000,112039.22,112524.33,111641.19,112425.58,793.94493850,1785740399999,89106347.17252363,2622,349.26794305,39199180.04470500,0
1785740400000,112425.58,113184.89,112046.50,112990.12,803.49227690,1785743999999,90559889.48992001,2626,325.19974886,36652565.51424897,0
1785744000000,112990.12,113176.43,112177.19,112574.04,875.16682804,1785747599999,98703136.48801062,3086,411.52902001,46413099.45642255,0
1785747600000,112574.04,112910.81,112185.34,112586.75,398.36240116,1785751199999,44847796.33712866,1026,168.53452391,18973683.21409156,0
1785751200000,112586.75,113349.65,112151.16,113222.28,349.09977189,1785754799999,39414939.70270213,1688,181.29248656,20468739.88982231,0
1785754800000,113222.28,113590.53,112783.50,113012.62,888.17688699,1785758399999,100468303.02346265,1747,423.69509097,47927307.51349147,0
1785758400000,113012.62,113273.89,112675.76,113116.48,151.26845866,1785761999999,17103100.32462545,2414,71.52642760,8087103.40430172,0
1785762000000,113116.48,113436.02,112346.45,112532.77,385.43673379,1785765599999,43486754.93667406,1820,209.65863997,23654657.42473244,0
1785765600000,112532.77,112710.85,112046.53,112263.12,451.80029029,1785769199999,50781424.14988849,3222,230.81685979,25943340.69643300,0
1785769200000,112263.12,112580.52,111643.64,111847.98,711.10092012,1785772799999,79682807.01876168,2225,371.97901266,41682314.06048930,0
1785772800000,111847.98,112118.41,111524.87,111580.82,365.18528765,1785776399999,40796456.45108177,4321,203.46362775,22729817.73768114,0
1785776400000,111580.82,111905.51,111352.50,111723.64,656.72042489,1785779999999,73324300.80550285,4987,324.83837657,36268929.56872594,0
1785780000000,111723.64,112630.40,111601.42,112261.50,213.59665254,1785783599999,23921237.62317735,3545,89.42809968,10015282.53006509,0
1785783600000,112261.50,113019.62,112083.40,112870.40,754.92217093,1785787199999,84978530.73490964,2007,305.65672172,34406539.00629509,0
1785787200000,112870.40,113114.54,112133.89,112524.81,204.62117189,1785790799999,23060315.75686006,4195,118.11294331,13311045.68804874,0
1785790800000,112524.81,112966.47,112317.32,112626.98,449.73964716,1785794399999,50629843.09922665,2008,238.90691855,26895160.07300672,0
1785794400000,112626.98,112979.32,111600.99,111958.72,229.94047242,1785797999999,25820670.91160860,4282,102.04027585,11458393.35975408,0
1785798000000,111958.72,112697.16,111720.70,112367.29,568.05434553,1785801599999,63714680.82259308,1794,279.08076291,31302536.23254328,0
1785801600000,112367.29,113093.61,111922.58,112773.72,596.58923885,1785805199999,67158351.84695269,4425,311.73605212,35092284.78915852,0
1785805200000,112773.72,113326.76,112389.50,113070.46,560.90396296,1785808799999,63338448.43740580,2103,307.78544210,34755775.75064654,0
1785808800000,113070.46,113229.57,112881.77,113036.10,628.24607758,1785812399999,71025279.57023373,4769,330.04888047,37313108.41946109,0
1785812400000,113036.10,113123.27,112561.25,112730.35,353.78633031,1785815999999,39936542.48390238,3419,204.70266933,23107497.80296001,0
1785816000000,112730.35,112846.23,111956.53,112162.98,264.60394993,1785819599999,29753831.72842324,2552,109.24062149,12283743.57461944,0
1785819600000,112162.98,112432.07,111819.55,112038.61,305.12579214,1785823199999,34204842.86445711,4241,145.81820105,16346335.78110731,0
1785823200000,112038.61,112829.72,111974.93,112401.34,810.49250457,1785826799999,90953447.28119433,3916,401.51470144,45057969.10434848,0
1785826800000,112401.34,113173.11,112191.72,112998.52,818.73115648,1785830399999,92270941.69770180,4232,415.62405214,46840800.40197425,0
1785830400000,112998.52,113690.57,112586.94,113316.68,516.17210816,1785833999999,58408794.61991198,3035,251.46211818,28454848.65054017,0
1785834000000,113316.68,113506.65,112352.07,112676.24,453.23750185,1785837599999,51214232.90720241,2152,257.48473815,29094863.72046265,0
1785837600000,112676.24,113688.84,112409.26,113243.51,830.19664694,1785841199999,93778911.48896646,1022,346.01723910,39086064.92034930,0
1785841200000,113243.51,113643.71,113017.96,113146.50,345.11723544,1785844799999,39065547.82534271,3481,152.65641660,17279944.12125494,0
1785844800000,113146.50,113504.53,112705.12,112911.40,714.00736767,1785848399999,80703503.94834132,4253,321.62769354,36353240.89158723,0
1785848400000,112911.40,112975.52,112076.63,112344.91,899.93087138,1785851999999,101357553.83245698,3666,400.32923835,45088343.57945669,0
1785852000000,112344.91,112777.49,111691.72,111763.35,173.27249916,1785855599999,19415898.91774031,2825,76.21774440,8540512.93848066,0
1785855600000,111763.35,111878.84,111015.45,111120.10,652.09413346,1785859199999,72670494.37195608,2585,321.48683988,35827047.64398194,0
1785859200000,111120.10,111319.13,110504.71,110795.07,872.80105808,1785862799999,96843895.78464846,1738,484.89193947,53802437.58724313,0
1785862800000,110795.07,110971.08,110069.36,110348.03,846.66537631,1785866399999,93617100.49013150,3874,405.83286692,44873567.93831642,0
1785866400000,110348.03,110717.49,110026.13,110632.75,620.43179670,1785869999999,68551749.45252371,1634,334.68486012,36979459.78643807,0
1785870000000,110632.75,110953.02,110002.97,110369.33,747.17041245,1785873599999,82563105.52969922,1136,350.75224109,38758486.43497377,0
1785873600000,110369.33,110567.66,110024.05,110274.47,405.92338115,1785877199999,44782238.35698449,4241,229.13002180,25278059.17923917,0
1785877200000,110274.47,110700.43,109453.46,109752.48,771.53048325,1785880799999,84878750.35810769,2053,375.81051479,41344221.07629741,0
1785880800000,109752.48,110487.34,109593.86,110060.40,756.14941411,1785884399999,83105690.06848839,4760,372.76257165,40969007.14468069,0
1785884400000,110060.40,110774.97,109881.21,110490.60,334.12137682,1785887999999,36845402.01502038,1509,152.28772886,16793605.50097662,0
